latitude,longitude,bearing
51.46767127115571,-0.21464345979870297,-54.100928390761894
51.46767127115571,-0.21464345979870297,-54.100928390761894
51.46769245436809,-0.21469043659877862,-54.832289305667665
51.46771767749841,-0.21474790282442263,-54.43997611528885
51.46774648385381,-0.21481258756008537,-55.25104919216209
51.46777680077964,-0.21488274259464005,-55.91392204835428
51.4678067312855,-0.21495374355363867,-55.414895187271924
51.46783926139378,-0.21502948166931138,-54.75973986247711
51.46787435596803,-0.21510922379944036,-53.36275756397602
51.46790860742045,-0.21518315728399914,-53.11777947243648
51.467944404588735,-0.2152597413241158,-52.62253877329648
51.467982836486904,-0.2153404985664649,-52.7483055960609
51.46802165480504,-0.21542244009437328,-52.34350854272299
51.46805787352975,-0.21549778344338055,-52.48613579454801
51.46809549743354,-0.21557645408461343,-52.629015488426326
51.46813491296335,-0.21565929792807878,-52.489732480675514
51.46817274764984,-0.21573841972709015,-53.84282282552053
51.468207455795124,-0.21581466539165442,-53.13109209211709
51.468244763542835,-0.21589452031844655,-52.80116000709116
51.46828460062008,-0.21597877402636043,-52.162131659229885
51.468320538307175,-0.21605304587203453,-52.15223129336685
51.46835763527218,-0.2161296863032642,-51.89571838436183
51.46839785877838,-0.21621202259783803,-51.5160597489706
51.46843586912013,-0.21628877581129383,-50.91357453374348
51.46847342276901,-0.21636299126585487,-50.426330347730094
51.46851392731283,-0.21644166190708775,-49.466562613421466
51.46855415081904,-0.21651717444387122,-49.30846067892404
51.46859166934046,-0.21658721668176276,-48.83623592745825
51.46863249005834,-0.21666216527854165,-47.82371329379931
51.46867482134665,-0.21673717025199654,-48.25071926997494
51.468713042462106,-0.2168059154221027,-48.14311543898512
51.46875386317999,-0.2168790593733306,-46.72689568667812
51.46879738887366,-0.21695327482789167,-47.591912663766216
51.46883592616318,-0.21702100488577772,-47.015955255653466
51.46887734407475,-0.21709234422032872,-46.72681238210391
51.46892086977741,-0.21716655967488976,-46.702930511979574
51.468959863750804,-0.2172329926505534,-46.33934162710976
51.469001703218794,-0.21730337326399735,-46.52482132711495
51.469046036906846,-0.21737843464300233,-46.63709299923035
51.46908545242767,-0.21744543157310758,-46.4495490362937
51.469128767356615,-0.21751857552433548,-45.6584783163664
51.46917260922435,-0.21759059158111715,-45.3504141209879
51.46921262194785,-0.21765561470676933,-44.77084831803824
51.469256639470835,-0.21772571333577392,-43.72735333172814
51.46930107854125,-0.21779395095698856,-44.22580112238925
51.46934189925013,-0.21785773339153136,-44.104791262592606
51.46938640858445,-0.21792698611052908,-43.5002542494888
51.469430461234886,-0.21799409582286045,-43.49679174611973
51.46947166837274,-0.21805686314518316,-43.64425236196103
51.469518004451544,-0.2181278077130687,-43.030251856386215
51.4695613193715,-0.21819271804205775,-42.75878795225844
51.469603756051164,-0.21825571094326968,-42.757930862696895
51.469650373167575,-0.21832490727115433,-42.57991848236139
51.469692388290824,-0.21838688506014617,-42.29466119242988
51.46973559781942,-0.21844999075802124,-41.381447710512376
51.469782847265975,-0.21851681850035032,-41.29874529856682
51.46982447596924,-0.2185755254171037,-41.21461140941665
51.46986919607727,-0.21863840552165248,-42.588965310492966
51.469914408005614,-0.21870512048175547,-42.330347653408715
51.46995501794079,-0.21876450412073953,-42.8018921069421
51.46999921110104,-0.21883020398305944,-42.05165924870488
51.47004224499238,-0.21889252014760363,-41.36170261007117
51.47008426011562,-0.2189519037865877,-41.122109628270834
51.470131298779464,-0.2190178292133598,-41.33305917904637
51.470171838459734,-0.21907506986011455,-41.21533086513426
51.47021515337969,-0.21913597616021027,-41.30315738464806
51.47026117329342,-0.2192008864891993,-42.74682421105653
51.47030108063456,-0.21926010094040715,-41.62769469581272
51.47034590613394,-0.21932405256272616,-41.59237181356793
51.470388729233576,-0.21938507164504795,-41.92721224690089
51.470429760725175,-0.2194442297195798,-41.240416889908474
51.47047648323294,-0.21950998595857574,-40.64969416502642
51.47051723368693,-0.2195661551019973,-40.007735967477394
51.47056205918631,-0.21962655385320148,-39.7618928975155
51.47060786831733,-0.21968774212329947,-38.50020822785816
51.47064960240296,-0.219741035146711,-38.91289502052267
51.470695903345316,-0.21980103913124974,-38.729276985234
51.470737953605,-0.21985517806466814,-39.110859361809304
51.47078116313361,-0.21991157278697898,-40.090803807320796
51.470826691227025,-0.21997309941819232,-40.03675003172557
51.470866703959516,-0.22002706917827156,-38.79214316026187
51.47091093225622,-0.22008414063725013,-38.189541646023194
51.47095407152991,-0.22013861793178388,-37.46456128621574
51.47099647307313,-0.22019078304631215,-37.933362575653504
51.47104361713732,-0.2202497719330678,-37.34618557872861
51.47108454323756,-0.22029990683759287,-37.121411670680246
51.47113035236858,-0.22035556843212292,-37.485972093480086
51.471174369882576,-0.2204097637566544,-37.30890040789955
51.471216595788526,-0.2204614213222911,-37.520674705716964
51.471264126272686,-0.2205200154423813,-38.12587476433004
51.47130494699057,-0.2205714474291288,-38.50599663912355
51.471349983263664,-0.22062897004588586,-37.78259959730978
51.471394211560366,-0.22068401129486123,-37.42031157346062
51.47143654284867,-0.2207360072216133,-37.6702754315811
51.47148386255912,-0.22079465773281656,-38.04472765192948
51.471524577885646,-0.22084580774956175,-38.45108895496269
51.47156961415874,-0.2209032175840927,-38.34367653879832
51.47161264804109,-0.22095786406640266,-38.658737817095584
51.47165445239062,-0.22101155184204258,-39.27867416505043
51.471699980484026,-0.22107133024769204,-39.34694562276908
51.47173918523114,-0.22112293142221573,-39.23120797572327
51.47178341352783,-0.22118090519675127,-39.202251482401
51.471825534033435,-0.22123605922795275,-39.1257121167264
51.471866776307735,-0.22128991619136887,-39.142755021821266
51.47191209361844,-0.22134913064257672,-37.5940906944884
51.47195210635094,-0.2213985888248711,-36.973377629301815
51.47199816139213,-0.2214542504049641,-37.88328928513369
51.47204168709479,-0.22150861491727175,-36.8092133851513
51.4720851074061,-0.22156078004623705,-36.25068067019536
51.472132918927876,-0.22161706197188474,-36.51094598745879
51.4721736342544,-0.22166544865084598,-36.514022945987804
51.47222018110692,-0.22172077186982364,-36.285020002395136
51.47226300421555,-0.2217712451499011,-36.45733984633204
51.472306319135505,-0.22182262073109849,-36.53259720377809
51.47235254982296,-0.2218776055889608,-37.96089629469032
51.47239235177274,-0.22192745852348358,-37.424954548065664
51.47243830142258,-0.22198390963690748,-36.58475669414113
51.47247933291417,-0.22203280386476024,-37.14243033310258
51.47252264783413,-0.2220854765426171,-37.720725447656434
51.47256747333351,-0.22214113812271008,-38.04406715089206
51.47260818866004,-0.22219228813945527,-37.79504286820985
51.472654524738836,-0.22224997994398854,-36.75646301495506
51.472694923891304,-0.2222984230140628,-36.76635414479463
51.472739257579356,-0.22235160322637412,-36.87553527435995
51.472782994055734,-0.22240427590423098,-36.99265888669836
51.47282430658495,-0.22245424162097985,-38.01125703065434
51.47287064266374,-0.2225123845832916,-37.32974972041244
51.47291016357592,-0.2225607712622528,-37.838454433786495
51.47295439187262,-0.22261592529345428,-36.600847474125906
51.472996723160925,-0.22266639857353174,-38.40279778693559
51.473038246472846,-0.22271924042472774,-37.418079655653216
51.47308416098623,-0.22277563514703858,-38.74515487303942
51.47312347112469,-0.2228262776148922,-38.09356609039345
51.473168191232716,-0.22288255954053993,-37.397894672430674
51.473209222724314,-0.22293292002395423,-37.288881105963526
51.47325106220129,-0.22298407004069942,-36.83222563790421
51.47329627412964,-0.22303843455300706,-38.001529709777536
51.473336286862136,-0.22308862586308223,-37.05904593201195
51.47338163930029,-0.2231436107065075,-36.39580559488137
51.47342214385311,-0.22319154622769025,-36.275876454557704
51.47346545877306,-0.22324258344777229,-36.001131905509226
51.47351017888109,-0.22329474856230055,-35.19243953036481
51.47355142115539,-0.2233414433923739,-34.12543765224529
51.47359895163956,-0.22339315736356075,-34.090750644952095
51.473640264168765,-0.22343804756252017,-34.442766701081744
51.473686003035894,-0.22348840804593448,-33.34987062070855
51.4737315311293,-0.22353651274045636,-33.36255165586928
51.473774529884196,-0.22358196689385743,-33.09505745145659
51.47382265758003,-0.22363232737727173,-32.95070484916967
51.47386460243938,-0.2236759768851218,-33.09452540675649
51.47391111416444,-0.2237246455340853,-32.1555020669541
51.473956150446526,-0.22377009968748637,-32.3911982501368
51.473999781531546,-0.2238145387286673,-31.292498385155024
51.47404878746768,-0.22386236145318691,-29.88954795488126
51.47409150518496,-0.2239017813532544,-29.25038501810003
51.474139738263155,-0.2239451489055392,-28.183634254277827
51.47418575817689,-0.2239847379933829,-28.715734726321813
51.47423160243537,-0.2240250602234444,-27.63627444448783
51.47428211895092,-0.2240675254457352,-28.149338517059874
51.474325644644594,-0.22410491515023653,-27.678243593163167
51.47437566933982,-0.224147042011412,-27.685675034242717
51.47442038945684,-0.22418471368591564,-27.91278316205363
51.474466936309355,-0.22422430277375932,-27.714513942681002
51.47451675022188,-0.22426631683827164,-27.312064699622187
51.47456157572126,-0.22430348096388375,-26.547213785371728
51.474613602816234,-0.22434521305839375,-27.26483614776591
51.47465804188665,-0.22438198241734042,-26.628272734066602
51.47470708295023,-0.22442145872295802,-25.35088430440698
51.474756088886366,-0.2244587356307962,-25.476377050655742
51.47480172236214,-0.22449364396751587,-23.956646885686542
51.47485445205115,-0.22453125925090647,-23.053007626025515
51.47490026118217,-0.22456255832539823,-22.160432539111255
51.47495200723054,-0.22459639515878474,-21.58595005166582
51.4750025237371,-0.22462848375217034,-22.42016075475065
51.47505037039532,-0.2246601775788905,-21.792768077045114
51.475104575527304,-0.22469497313338407,-20.75189697482778
51.475151298026084,-0.22472339607342876,-18.692798230696233
51.47520466004522,-0.224752382953478,-17.205146011400032
51.475256160183434,-0.22477798616462563,-18.469472642656324
51.475305693067334,-0.22480454806800626,-17.94014478690194
51.47536221675514,-0.22483392972915797,-18.96123377973868
51.47541006341336,-0.22486032245919946,-17.276619859274042
51.475466306063545,-0.22488840702369173,-17.361320545744128
51.47551562816474,-0.22491316431039546,-16.88934686809709
51.47556653110027,-0.22493797798821222,-16.101819000576146
51.47562189551016,-0.22496363759047291,-15.779695196757531
51.47567062040868,-0.22498574432161875,-15.152224428171507
51.47572795208187,-0.22501067078166162,-14.595593196504181
51.47577678236274,-0.22503108567835667,-14.382341627059953
51.47582979308937,-0.22505291042506317,-13.663998529077972
51.4758848413252,-0.2250743968250914,-13.407373939701815
51.47593405804404,-0.22509323265512468,-14.76096499003146
51.475990581731836,-0.22511714401738447,-14.620695522726303
51.47603892020138,-0.22513738972630334,-13.925948909687092
51.47609133371633,-0.22515825576633983,-13.11151144788827
51.47614336080232,-0.22517771195636485,-14.870089812271088
51.476191910054574,-0.22519840880862513,-12.293179220294608
51.47624752036563,-0.22521786499865015,-11.154283633500409
51.4762952616325,-0.22523297878422946,-9.723165262676911
51.47634999371226,-0.22524803616425867,-7.835129375719763
51.47640181001553,-0.22525948429649703,-8.210442579592655
51.47645366145525,-0.22527149636873997,-7.462898725156214
51.476509166383956,-0.2252831700798676,-7.826939791674582
51.47655771563621,-0.22529388508432516,-6.859806525265782
51.476614941918044,-0.22530493844989807,-6.443960215885739
51.476663456033855,-0.2253137360265786,-7.961088993650771
51.476717204481965,-0.22532580448993458,-7.049337306871146
51.476770320590944,-0.22533635030661597,-6.607231753029389
51.4768197480835,-0.2253455426499619,-6.451897971767043
51.47687658793637,-0.225355862873317,-7.385687907363054
51.47692482101456,-0.22536590114110683,-6.796597855524207
51.476979342311616,-0.22537633416112507,-7.055268262057853
51.477029858827166,-0.22538637242891493,-6.961477819670136
51.477080199687464,-0.22539624149449156,-6.862944890638375
51.47713623156394,-0.22540706928117524,-7.721978298146449
51.47718544827378,-0.2254177842856328,-6.251627075466076
51.477243482541006,-0.2254279917267618,-6.379475375800207
51.477292804642204,-0.22543684569455535,-6.165145943130448
51.47734613153389,-0.2254460944290143,-5.938219446502765
51.47740016101062,-0.22545511758458406,-5.4797891320544965
51.47744958850317,-0.2254627308757053,-6.706644443635501
51.47750544472439,-0.22547327669238668,-6.01685816411294
51.47755276443484,-0.22548128473573628,-7.105327421981053
51.47760630210024,-0.22549199974019388,-5.686411425162215
51.47765780224744,-0.22550023336243272,-5.090870851812876
51.47770905647549,-0.22550756468355165,-5.407199693252242
51.477765088351966,-0.22551608029022985,-5.26041464418935
51.477813918641836,-0.22552329881468564,-5.940649436542309
51.477869950509316,-0.2255326603313707,-5.305951347308569
51.477918359242764,-0.2255398788558265,-4.354416188673669
51.47797140508784,-0.22554636425250152,-5.476914100158576
51.47802452119683,-0.22555454148362733,-6.0645963325339025
51.4780744405097,-0.22556305709030552,-5.939982737878719
51.47813149114528,-0.2255725877947668,-5.40614826416905
51.47818011065244,-0.22557997550699876,-5.126794207114416
51.47823452655813,-0.22558781437700925,-3.6570933272091524
51.478288380388605,-0.22559334105257717,-4.0767315249226765
51.47834111006862,-0.2255993752914737,-3.2114358814458646
51.47839995232123,-0.2256046763881524,-3.4615711661022437
51.47845046883678,-0.2256095827326027,-2.677842968960044
51.478508292321294,-0.22561392512261136,-2.5553293371421852
51.478561022001315,-0.22561770357261546,-3.1955186256471126
51.47861575408107,-0.22562260991706576,-3.3025705073936495
51.47867357756559,-0.22562796741929456,-3.6574250028356854
51.478724129208594,-0.22563315573374715,-3.5202400946994414
51.478782936333744,-0.22563896437931738,-3.314852463253205
51.47883387439673,-0.2256437015359915,-3.5463124309401555
51.47888941445288,-0.22564922822599648,-3.3428335543170222
51.47894593814967,-0.22565452932267518,-2.6125091016450575
51.47899828140072,-0.2256583641637923,-2.323800499014889
51.47905800189363,-0.22566225541045953,-3.4852871362621283
51.47910932638557,-0.22566727453713595,-3.442041696981191
51.479166552676396,-0.2256728012127039,-2.6036996771281724
51.47922139013852,-0.22567680524159722,-2.237115577515678
51.4792744359836,-0.22568013253382282,-1.9605463167120338
51.47933394570279,-0.2256834034204983,-2.9360705591413523
51.47938530532219,-0.2256876330282809,-1.8217381052799366
51.47944383140973,-0.2256906219449541,-2.833519659284845
51.47949705291007,-0.2256948515527367,-2.9331782358192227
51.479551890372186,-0.22569936313052155,-2.3608740442466236
51.479609819248054,-0.22570319797163868,-2.224620120247045
51.479661354522705,-0.22570641246720113,-2.406594805831084
51.479720688586646,-0.22571041649609447,-2.098056702252486
51.47977341826666,-0.22571351820943084,-1.3882016803549986
51.47982994196345,-0.2257157176072102,-1.7155782531522263
51.47988857343336,-0.22571853733610722,-2.656156776906805
51.47994081130204,-0.2257224285683374,-1.976809278905615
51.480000847960014,-0.225725755860563,-2.74408573953059
51.48005287504599,-0.22572975988945634,-3.330357847986962
51.480109609516504,-0.22573506098613505,-3.5107740063257635
51.48016571164788,-0.22574058767614003,-3.658679273583716
51.48021844132789,-0.22574600156948188,-4.028785980541981
51.480277283580506,-0.22575265613949602,-4.665004441295458
51.48032850269009,-0.22575936711506028,-3.2997678402523807
51.48038576409938,-0.22576466822617602,-3.6808665300860115
51.480439266637326,-0.22577019490174396,-4.031038433253035
51.480492593520026,-0.2257762291406405,-4.276132963545713
51.480550838569954,-0.22578322208620702,-5.053985273076569
51.480601671250575,-0.2257904406106628,-5.647679306183454
51.48065991629151,-0.2257996893451218,-5.5312309010085166
51.48071141643871,-0.2258076973884714,-5.232905139164495
51.480766253900825,-0.22581576183737112,-5.516025627071187
51.48082298837134,-0.2258245594140516,-5.508438212800991
51.48087361026925,-0.22583239828406207,-6.176932728598538
51.480932347130505,-0.22584260572519108,-6.5428008982318975
51.48098317981112,-0.2258519672563132,-5.705619511867914
51.48103871986727,-0.22586087761521978,-4.979702898692777
51.48109313577297,-0.225868490906341,-5.1828941273738485
51.48114618162705,-0.22587621697968832,-5.092525950772546
51.481205691337244,-0.22588473258636654,-5.3739988938937975
51.48125684018293,-0.22589245865971386,-5.177740111548528
51.48131575269045,-0.2259010306575051,-4.95531296163913
51.48136841211556,-0.22590836197862404,-5.5556357289317715
51.4814229334126,-0.22591687757086518,-5.126900859428216
51.4814804758685,-0.22592516759865414,-4.566490639269693
51.48153148419538,-0.2259317093864422,-5.305434550107611
51.481591239815735,-0.22594061975978583,-5.842458325755016
51.48164203735991,-0.22594896617868784,-6.7438472859081875
51.48169757742505,-0.22595951198093217,-6.782100340300019
51.48175280131614,-0.22597005779761356,-7.1565048893186445
51.48180482840212,-0.2259805472231819,-6.792791975575513
51.481864092211154,-0.22599188255875713,-6.687329020630121
51.48191471410907,-0.22600141326321838,-7.136071784215391
51.481972221428514,-0.22601297417768285,-6.718898607094591
51.48202618065034,-0.2260231816332489,-6.725108030243991
51.482080982985,-0.2260335582621541,-6.84231395922763
51.48213922803493,-0.22604478080106616,-6.248119228246043
51.48219055252687,-0.22605380395663588,-6.548972177116295
51.48224928938813,-0.22606463174331956,-6.437984143187697
51.48230033284246,-0.22607388047777854,-6.8191419490401195
51.482354959530866,-0.22608436990334688,-8.297148314138404
51.482409867256884,-0.22609722790003375,-7.952894227873691
51.482461402522546,-0.22610878881449822,-8.350657225426074
51.48251954218112,-0.226122492735629,-9.10363711469847
51.48256907506503,-0.22613523793565274,-10.216528671804134
51.48262500155015,-0.22615142322456522,-10.644720019530988
51.48267713402748,-0.2261671573556992,-9.87750258855975
51.48273017987256,-0.22618198917127622,-10.980668105263671
51.48278719538068,-0.22619975349797633,-11.510667099754581
51.48283841448128,-0.22621650274133043,-11.823667948835324
51.48289595693717,-0.22623584612025527,-12.274282401856086
51.48294777324944,-0.22625394883694483,-12.787715022612387
51.483001310914844,-0.22627346140364585,-13.14791239872299
51.48305934518206,-0.22629522977367636,-12.516931075142438
51.48311028324505,-0.22631338886704194,-12.670939941636812
51.483167298753166,-0.22633397293707613,-12.572743065176974
51.48322115258363,-0.22635325993932495,-12.104228769804312
51.48327437408397,-0.2263715882204667,-13.655277365034427
51.48333349737419,-0.2263946536582826,-13.967944724357672
51.48338503263985,-0.22641523774275382,-14.340607693433562
51.483441767110364,-0.22643852875945894,-13.773233423259477
51.48349850158087,-0.22646086106949403,-14.473100345046934
51.48355102048717,-0.22648262942508748,-14.256609686134762
51.48361003838604,-0.22650670997512348,-13.686080781787028
51.483662100599474,-0.22652706846626844,-14.312784410126355
51.48371771091953,-0.226549851934082,-14.618038120355793
51.48377574518675,-0.22657415806300724,-13.673271833635374
51.4838272804614,-0.22659429097526296,-14.76339089262811
51.48388471751695,-0.2266185971041882,-14.948296921449547
51.48393772824357,-0.2266413241808887,-15.88224990842639
51.483992284668076,-0.22666625064093157,-15.97197259557945
51.484051794378274,-0.22669360209208012,-16.171421710768897
51.484102416285175,-0.22671717507878753,-16.88181893931578
51.48415946692075,-0.2267449776732775,-16.5667056998833
51.48421448002913,-0.22677125762109288,-17.137883811277835
51.484267209709145,-0.22679736838113204,-17.14809222190121
51.48432605196175,-0.22682652444895748,-17.69829442045516
51.48437579561937,-0.226852014863442,-17.854412280914687
51.48443161671314,-0.22688088896126513,-17.37975602302449
51.484487156778286,-0.22690880435241825,-17.56125512025627
51.4845388676992,-0.2269350842857966,-17.862301893990065
51.484597604560456,-0.22696548104473138,-18.686047775053247
51.484646926661654,-0.2269922685414383,-17.87007260610259
51.484702150552735,-0.2270208606548221,-18.287500266734842
51.48475751496263,-0.22705024231597384,-18.844839485170144
51.484808242251894,-0.22707804491046382,-19.441461793675618
51.48486574957134,-0.22711064105274095,-20.4196240459448
51.48491489602628,-0.2271400227138927,-20.71125839608444
51.484968117517624,-0.22717233688616753,-21.02872532177664
51.485023657582765,-0.22720662487733254,-21.12635435011775
51.485073190457676,-0.22723735999738268,-20.89424266266883
51.485129397980415,-0.22727181717632386,-21.137640123117293
51.48517872008161,-0.2273024395141479,-21.09543597365285
51.48523106334165,-0.22733486646864884,-21.450473764576746
51.48528460100705,-0.2273686469109223,-21.637230889864405
51.48533311512286,-0.22739955121874864,-23.23184479849786
51.4853873553823,-0.22743694092324998,-21.993555922037796
51.48543439405514,-0.2274674504644109,-23.478556340620266
51.485485894193346,-0.22750337389891362,-23.215179976457595
51.48553714843039,-0.22753867700229874,-23.094451167502505
51.48558474917845,-0.22757127314457587,-24.59006396670489
51.48563800580624,-0.22761041108907812,-25.089106818170876
51.48568353389965,-0.22764464268913004,-26.933040290236402
51.485734753000244,-0.22768643117475312,-27.669090050067602
51.48578277530473,-0.22772686618704072,-28.516149034028953
51.485830411180245,-0.22776842909377454,-28.327050969112918
51.48588233287487,-0.22781337569828408,-28.658237404347556
51.48592743941187,-0.22785296478612777,-29.11932540281263
51.4859786936489,-0.2278988136917572,-28.546397235717826
51.486024397388576,-0.22793874115515328,-28.03597043097391
51.48607273585813,-0.2279800784974349,-28.304623569334797
51.48612124998293,-0.22802203617083416,-29.36184075687889
51.486166005218415,-0.22806247118312178,-29.92087743758952
51.48621750536561,-0.2281100683287521,-31.21238341303187
51.486261031059286,-0.2281524207688168,-31.49896646112075
51.48630968570289,-0.22820029988444945,-31.17330108928133
51.48635560021628,-0.22824490811340659,-31.819244734308448
51.48640172552137,-0.22829086980126215,-31.722306535621108
51.48645143404254,-0.22834021518689337,-32.88248261766303
51.48649548669298,-0.22838595131029674,-32.87548411845359
51.486544984440435,-0.22843732690593116,-33.76807932110725
51.48658731572875,-0.22848278104489517,-33.74958466459621
51.48663424901023,-0.22853314152830947,-33.809669505234545
51.48668086612665,-0.2285832764472716,-34.29249906811772
51.486725305197055,-0.22863194508179807,-34.22456148069335
51.48677532989229,-0.22868659157854507,-35.088354541298024
51.48681846916599,-0.22873526021307153,-34.76941551861112
51.48686687789944,-0.2287892299731508,-34.78137157640804
51.4869114223612,-0.22883891371989737,-35.20402808534472
51.48695691532716,-0.22889045848887093,-34.48779129958012
51.487004761976394,-0.22894324394895388,-35.13885741024713
51.48704856871667,-0.2289927585223613,-35.95182632975609
51.487098101591585,-0.22905045032689458,-36.350805039948995
51.48713951951214,-0.22909940094586037,-37.66034950659504
51.48718606636466,-0.22915709273595658,-37.12003669531033
51.4872291705109,-0.22920948344381112,-38.017748563986466
51.487272696213566,-0.22926412992612108,-37.504223497281615
51.487319734886405,-0.22932210370065662,-37.68773339019476
51.48736164461829,-0.22937409962740868,-37.73703135180953
51.487408788673484,-0.2294326937474989,-37.22543384227574
51.48745080379673,-0.2294839565464702,-38.58285216364278
51.4874953482585,-0.22954102800544876,-37.90836313815284
51.48753954142774,-0.22959629483331337,-38.42327207141293
51.48758208349876,-0.22965049017228187,-38.539207475409306
51.4876291221626,-0.22971066333015974,-38.79331063470466
51.48766983748913,-0.22976322321135345,-39.91881311668333
51.487715962785224,-0.22982520101478232,-40.28917000446632
51.48775688889446,-0.22988091900042543,-40.72099777640655
51.487799887649345,-0.22994035904495957,-40.59392265657514
51.487843940290794,-0.23000098336061592,-42.08244384302093
51.48788356659432,-0.23005844958625993,-42.45347275308782
51.48792747872595,-0.23012296514858352,-42.618813318761376
51.4879654890587,-0.23017913429200512,-43.317891999598814
51.488007012370616,-0.23024201441099096,-43.01936269407359
51.488045057830824,-0.23029902947885647,-43.72607500039052
51.488084157195566,-0.23035908985450826,-43.14427387413348
51.48812469686684,-0.23042010893683007,-45.075393483260875
51.48815940501213,-0.23047599611024935,-47.094428505073104
51.48819713431626,-0.23054118840924068,-51.94338038297484
51.48822393827192,-0.23059617326710302,-46.5671077843882
51.48825864641721,-0.23065504935719552,-43.00970180667302
51.48829598929237,-0.23071099292172786,-46.161827847482385
51.488333788851406,-0.23077421140182905,-47.63563979709559
51.48837183432061,-0.23084120833193433,-48.03321876559385
51.488406226300825,-0.23090262218092159,-50.90129686520436
51.488443779949705,-0.23097683763548263,-51.47363743893887
51.488474869733466,-0.2310395485666923,-52.633395874911194
51.48850908606743,-0.2311115082323609,-51.7529976323556
51.48854210798704,-0.2311787871469055,-52.42467283087129
51.48857463808632,-0.23124668639256776,-53.437745962248385
51.48860846799131,-0.23131994312602175,-54.22969047346262
51.48863748512043,-0.23138462787612155,-55.816490395026044
51.48866868029554,-0.23145839217290412,-55.894059858383145
51.4886965030193,-0.23152437400522632,-57.12826105730774
51.488725730931115,-0.2315970104075627,-58.01172509212538
51.48875422112145,-0.23167026714101668,-57.817009191076956
51.48878144664252,-0.23173974543890363,-59.01363673474824
51.488810779945695,-0.23181819050124725,-59.02574905856431
51.48883628410464,-0.2318864281224619,-60.23600055496284
51.488864317611096,-0.2319651551548078,-61.376322776868186
51.48888852197333,-0.23203638167825863,-61.89995038241277
51.48891381535856,-0.23211245816948373,-62.12347012251944
51.48893935465395,-0.23219000090183334,-63.066058337462955
51.488962048436754,-0.23226173498861272,-64.7369676889326
51.48898635819034,-0.23234446604985198,-65.85324391053514
51.489006382124806,-0.23241620013663136,-66.65003548378866
51.48902840844103,-0.23249814166453975,-66.30524337641943
51.489048889059376,-0.23257309026131864,-65.95673408534417
51.489070915384595,-0.23265238123366916,-67.43942183324123
51.48909192294172,-0.23273358963379676,-66.6671984345628
51.48911194687619,-0.2328081434639102,-68.03262589673952
51.48913323547093,-0.2328929047207156,-68.1670938320563
51.48915125701465,-0.23296514637082358,-69.6802051145344
51.48917068373745,-0.23304940007873742,-71.21010900769318
51.489187194692754,-0.23312733759218954,-71.21601197781187
51.48920398669467,-0.23320662856454005,-72.32067622170752
51.489220708432676,-0.23329088228689096,-72.26849476915064
51.48923570881755,-0.23336622563589823,-74.01887591891247
51.489251306405116,-0.23345369383937456,-74.57998338317755
51.48926402335264,-0.23352774012059646,-74.73542515393802
51.48927832114348,-0.23361188104628422,-75.54600443564755
51.489291038091004,-0.2336911156275217,-74.69041834545608
51.4893045630329,-0.2337704630054223,-75.95799641841381
51.489317842055655,-0.2338557318255563,-75.41428956673813
51.48933027797455,-0.23393248503901207,-76.12288786522997
51.48934376778001,-0.2340201788358147,-76.11053023930175
51.48935529032217,-0.23409501462149337,-76.08443148233562
51.489368288307304,-0.23417926834384428,-77.00885084834222
51.489379775722014,-0.23425923605286253,-76.66391181681892
51.48939157930179,-0.2343392037763178,-77.04114034564664
51.489403909829335,-0.23442526211534565,-77.36139294616333
51.4894144136034,-0.2345004926821268,-78.20472914949693
51.4894258307632,-0.23458829926115551,-79.49162909776555
51.48943440241042,-0.23466251471571659,-80.03801152125851
51.48944364151522,-0.23474699401695673,-81.1118214050816
51.489451334922144,-0.23482600301930495,-81.51857128562628
51.48945881754636,-0.23490659107387787,-82.0706407036236
51.48946612452431,-0.23499084479622878,-82.46280845236916
51.48947244787062,-0.23506759800968458,-82.8719227925645
51.48947943868351,-0.23515737840760342,-83.44604940947576
51.489484848662066,-0.235233003726613,-83.37146610120413
51.489491136871926,-0.23531990799008473,-83.3879235714955
51.48949665224184,-0.23539632284242518,-84.77227431536956
51.48950146500873,-0.23548080214366535,-84.25996974357064
51.48950666420458,-0.23556387156601993,-85.01750947726366
51.48951095002369,-0.2356428241772551,-84.92139432042485
51.48951586818193,-0.23573170225961698,-85.70582983240173
51.489519451416,-0.23580834269084666,-85.92532441476504
51.4895234561975,-0.23589863063765706,-86.40385015622705
51.48952647735634,-0.23597583500889133,-86.58805163723315
51.489529674161446,-0.23606194975346925,-87.01238787324093
51.48953237914623,-0.23614518836360004,-88.5516070533434
51.48953367894295,-0.2362277502370631,-87.72996447172409
51.4895358921164,-0.2363174178383188,-89.42760687308551
51.48953638392773,-0.23639648324621712,-89.18318360936279
51.489537191913115,-0.23648750432080828,-89.99996919669638
51.489537191913115,-0.23656623135315422,-89.81153949798471
51.48953736755938,-0.23665200773661677,-89.99996763103414
51.48953736755938,-0.236734738783419,-90.55338424574632
51.48953687574805,-0.23681651113798824,-91.00422480602482
51.4895358921164,-0.2369066298970224,-91.78159430867781
51.489534381536984,-0.23698462380158758,-92.72744372167377
51.4895316765522,-0.23707581406395492,-92.92951254041026
51.48952918234113,-0.23715408993852236,-92.97690268981269
51.48952637196499,-0.237240881419768,-93.17691931272063
51.4895234561975,-0.237325247924345,-92.0405364951103
51.48952166458946,-0.23740600516669413,-93.51860702752415
51.489518151619286,-0.23749775938350312,-94.03510989781931
51.48951467377657,-0.23757693757362755,-94.37060528305959
51.489510352821014,-0.23766773306932945,-93.37269497207443
51.48950747218997,-0.23774623452278615,-94.3577518503364
51.48950336200812,-0.2378328568162556,-95.29927543132654
51.48949844384988,-0.23791801285416347,-95.16452698932598
51.48949384186571,-0.23799978519429565,-96.90144768321395
51.489486956444175,-0.23809114464443923,-97.30882831599516
51.48948063309786,-0.23817032283456363,-99.21861511109903
51.48947142911152,-0.23826140031470489,-97.79744243584341
51.48946464908134,-0.2383409168803817,-98.34984579589866
51.48945681515561,-0.23842663685829418,-99.06275408511401
51.489448419154655,-0.23851117253621032,-99.0815380146162
51.48944040958266,-0.23859164780855716,-99.67138675929185
51.4894309245677,-0.23868103343981056,-100.53889451936217
51.48942189623661,-0.23875897095326265,-101.0665434135081
51.48941090063323,-0.23884925890007305,-101.21057973175365
51.48940131022691,-0.2389269708346359,-102.17504093636543
51.4893898930761,-0.23901195767033054,-102.37676396433613
51.489378581307655,-0.23909474512268286,-102.77957136429252
51.489367374939555,-0.23917409250058347,-103.7326912336237
51.4893538851341,-0.2392627450040561,-103.55538567571253
51.48934236259194,-0.23933949821751188,-103.36479997371829
51.489329364597815,-0.23942736120209068,-103.64225242320016
51.489317842055655,-0.23950360686665495,-103.70723329422292
51.48930505484423,-0.23958780418345577,-105.43218091899791
51.489291038091004,-0.23966935095913575,-105.0393205446798
51.48927782932316,-0.2397483035703709,-105.9468771189963
51.48926233712695,-0.23983537702161886,-106.00249906139747
51.48924881219404,-0.2399111151228545,-106.39007288246894
51.489232793050064,-0.2399985833407679,-105.80434735490034
51.48921951401832,-0.24007392668977517,-105.92106568820164
51.4892046892887,-0.2401573908787952,-107.01683835104342
51.4891892673474,-0.2402383173089205,-108.09808917033368
51.489173177948516,-0.2403173827023818,-109.92748683034974
51.489153751216726,-0.24040344105584666,-110.69011656615888
51.489135940464706,-0.24047917917151934,-109.94569521716986
51.48911644347801,-0.2405654630894364,-110.74999637932837
51.48909894888206,-0.24063962215288442,-113.11185926715108
51.48907720360345,-0.2407214508985667,-113.40717666635643
51.48905619603733,-0.24079938839758175,-113.83447911872106
51.48903508308885,-0.24087614161103754,-114.50020205586901
51.489011686703016,-0.24095859070227452,-117.25216637805974
51.48898857136379,-0.24103066315016924,-117.38633707007472
51.488962048436754,-0.24111288666251696,-117.8112917142529
51.48893963569156,-0.24118112426929456,-119.28589101866596
51.48891283172691,-0.24125787749718738,-119.6721812299344
51.48888750321423,-0.24132927320841438,-119.92757490699317
51.488861507234965,-0.24140179682852464,-120.70714785046532
51.48883378989357,-0.24147674541086647,-121.26416336529013
51.488808461380884,-0.24154374234097176,-122.99305729946597
51.48877754724339,-0.24162021358442523,-124.01550506322091
51.48875074327873,-0.24168399601896806,-125.48246354546119
51.48871800239674,-0.24175776031575064,-125.10958108191002
51.4886895122154,-0.2418228398180788,-126.0468466304386
51.488658000866224,-0.24189237450707882,-126.13788197265055
51.48862638413468,-0.24196190921051586,-127.39807383639813
51.48859564565244,-0.2420264811639525,-127.8249972672813
51.48856034029547,-0.2420995123329543,-128.41264902259948
51.488530128752004,-0.24216070060305228,-128.9011576544938
51.488494085682554,-0.2422324346898317,-128.40408005425232
51.48846338231876,-0.2422946380721498,-129.70293544148768
51.48842874443737,-0.24236163500225505,-129.9681915245976
51.48839372012702,-0.24242874471458642,-129.84235573893193
51.48836122514619,-0.24249128645801987,-130.3190694391246
51.48832370662477,-0.2425622874170185,-130.5726630753022
51.488291773728164,-0.24262217861933114,-130.42044673895774
51.48825495780078,-0.24269160051166797,-130.44997996812066
51.48822274386656,-0.24275228123287443,-132.0791023365688
51.4881866305332,-0.24281651482519573,-132.65519542568575
51.48815020103478,-0.24288001528973627,-132.9887254813238
51.48811517671543,-0.24294035763539035,-132.7345779695759
51.48807614762358,-0.24300820048993954,-133.2650726298777
51.48804263388365,-0.2430653847311442,-133.3592528389836
51.488003007580126,-0.24313277642791492,-133.58575680841832
51.487969283066484,-0.24318967869911728,-133.44928248880265
51.48793106195103,-0.2432544762458802,-132.91795651591266
51.48789494861767,-0.24331684880153748,-132.54333311321648
51.487860240472386,-0.243377585913857,-132.1923509855513
51.487821913965576,-0.24344548515951922,-133.42883501662536
51.48778790841432,-0.2435031769640525,-133.61993238945104
51.487747684908115,-0.24357096342748863,-134.4376467695154
51.48771294163537,-0.243627865698691,-133.54495866759228
51.48767482591126,-0.24369226846435144,-133.32883727542006
51.48763941517195,-0.24375255443332952,-133.3960255131081
51.48760309105588,-0.24381425025231906,-133.37890863107882
51.487565361760744,-0.24387837104797722,-134.07278333205315
51.4875305482241,-0.24393611924362352,-133.41097884807274
51.487490816529224,-0.24400356733150727,-134.01616835928942
51.487457021760676,-0.24405973647492885,-133.73236826172604
51.48741778187713,-0.24412560551058793,-133.30450670785393
51.48738346016081,-0.24418408684845205,-132.93211068474974
51.487346152422084,-0.2442484896141125,-132.94084362321678
51.48730961753231,-0.24431153892087454,-132.74890881410377
51.487274593212966,-0.24437238881542014,-132.69660043075234
51.487235388465855,-0.24444062643663478,-132.94078025361276
51.48720166395222,-0.24449882579005955,-133.09525436177006
51.487161054017044,-0.24456852966683573,-132.07286996400566
51.487127610541016,-0.24462802610248294,-131.9110723989349
51.48709079461363,-0.244693895138142,-131.89746845157
51.48705598108598,-0.2447562113026862,-132.88763397152275
51.48701948132366,-0.2448193170005613,-132.34128330269763
51.48698104942549,-0.24488704705844735,-132.56310154597685
51.48694721952949,-0.24494620511854215,-131.68431140408714
51.486908506593714,-0.24501602179198148,-132.05014728907642
51.486875976494424,-0.24507393916096692,-131.3360200413954
51.48683835258165,-0.24514262793996006,-131.2482956841753
51.486804663195464,-0.24520432375894957,-131.4487302068598
51.4867684093433,-0.24527024920015875,-130.83722446456989
51.48673359580666,-0.24533493393582148,-131.68946200133894
51.48669937948169,-0.24539662976924806,-131.48668261336974
51.486661369139945,-0.2454656569093565,-131.75648870647004
51.48662873364931,-0.24552436381167284,-132.23824400298844
51.48658903709087,-0.24559457523734057,-132.05046154521176
51.486556823147666,-0.24565192868075847,-131.66187630204405
51.48651979644656,-0.24571875642308755,-131.0077759154313
51.486486177324274,-0.24578084700874253,-131.47733339560858
51.486450942231215,-0.2458448550221746,-130.9683320995374
51.48641444246889,-0.2459123595011714,-130.47966948062674
51.486382193407216,-0.24597304022237787,-130.50586209771822
51.4863446046219,-0.24604370280582408,-130.72469448272216
51.48631316353662,-0.24610235331702734,-130.7422440564134
51.486276136835514,-0.2461713804571358,-130.39444962281408
51.48624353647233,-0.2462329071027862,-130.26392897303788
51.486208617544335,-0.24629911451399764,-130.69354528696
51.48617397966295,-0.24636379924966037,-130.7726181205479
51.48614127390841,-0.24642470554975607,-131.07761476064417
51.48610343922192,-0.24649440942653228,-130.81947904095315
51.4860712252877,-0.2465543006288449,-131.00534049466833
51.486033425728664,-0.2466241172878472,-131.1959259618428
51.48600121178545,-0.24668321895682896,-131.32693130677046
51.48596495793329,-0.2467494263680404,-131.28330925840734
51.48593067134442,-0.24681213729925006,-131.8807944275307
51.4858963496281,-0.24687360753935034,-132.7741738146786
51.4858583041589,-0.2469396457627856,-132.78849558706128
51.48582479042797,-0.2469977887250973,-132.53753500607144
51.48578586671848,-0.2470659135496488,-132.85605404003329
51.48575305557259,-0.24712270303862507,-132.45664536047545
51.485715045239836,-0.247189417984291,-131.7133980557617
51.48568170715516,-0.24724947837437983,-132.30136484286302
51.48564598024178,-0.24731252766670483,-132.65220261968122
51.48560916431439,-0.24737670486791308,-132.96843020446568
51.48557494798942,-0.2474356937402317,-133.0331306511234
51.485535637850965,-0.24750331101589165,-133.80092428742293
51.485502229502394,-0.247559254580424,-134.2412145165111
51.48546218164245,-0.24762529280385925,-133.860507788208
51.485427859926126,-0.24768264623284011,-134.45190147720692
51.4853903414047,-0.24774406008182734,-134.64138561845823
51.48535233107195,-0.24780586869748003,-134.9525922982959
51.485317095978886,-0.24786254538979316,-135.80397004656405
51.48527599422339,-0.2479267225910014,-136.97844761229112
51.48524058348407,-0.24797979002108664,-137.6313639922968
51.48519846297847,-0.24804148585451322,-137.68061031573149
51.4851622091263,-0.2480944968934854,-138.44469579495097
51.48512219639381,-0.24815145555580082,-139.39161934153987
51.485081972887606,-0.2482068351803286,-139.3904141724062
51.48504445436618,-0.24825849274596531,-140.19002875694872
51.48500113943723,-0.24831646652050085,-140.6991324604647
51.48496411273612,-0.2483651351550273,-141.41634461340996
51.48492009522213,-0.24842152987733815,-141.79321251871804
51.484882260526646,-0.24846935260185776,-142.79780335884118
51.48483905099805,-0.2485220252797146,-143.27012943783333
51.48479721152106,-0.24857216018423967,-143.74865659805639
51.48475621515692,-0.24862043406653775,-144.78944218506567
51.484709984469475,-0.24867282475995525,-144.8993047783989
51.484669760963264,-0.24871822252224327,-144.990696958823
51.48462293307313,-0.24877089518566306,-145.40461388269722
51.48458270956693,-0.24881544702350714,-145.78673725928564
51.48453756789349,-0.24886473600358827,-146.36238823983052
51.484495341996535,-0.24890985178143696,-147.73427094892435
51.48445034085089,-0.24895547510817714,-148.34788719203632
51.48440351295177,-0.24900183157713518,-148.77686907911604
51.48436156809243,-0.24904266135608824,-149.74629903837766
51.48431273780256,-0.24908839747949157,-150.06210869310462
51.48427072267931,-0.2491272534395545,-150.72326615635555
51.484222489601116,-0.2491706773685153,-151.08482284900757
51.48417836669577,-0.24920981531301756,-152.12819015940298
51.484132346791036,-0.2492488968519697,-152.66661213559422
51.48408492168923,-0.2492882603753612,-153.1872027019843
51.48404079878389,-0.24932407101320078,-154.02847247623615
51.48398975532955,-0.24936399847659685,-155.25153221527216
51.483945035221524,-0.24939710218220257,-155.68505725443208
51.48389420254091,-0.2494339843378124,-156.08895473461368
51.48384849880123,-0.2494665240889765,-155.99070000936808
51.483799457737646,-0.24950160159903528,-157.21903236687504
51.48374911686835,-0.24953555122908494,-157.81254624663478
51.4836996893848,-0.24956792179247284,-157.26457545411714
51.483646889440884,-0.2496034504747472,-158.44599492724223
51.483600834399695,-0.24963266293368566,-159.12464217314061
51.48354733186174,-0.24966542827817606,-159.2669401803689
51.483500293197906,-0.24969402039155986,-160.863269000083
51.483447563508896,-0.2497234020527116,-159.94879727290478
51.483397047002335,-0.24975300927831554,-160.04991451116638
51.483350219112204,-0.24978030432391396,-161.2837896658714
51.48329548703245,-0.2498100807372941,-162.41239708421713
51.48324795654828,-0.24983427406955616,-162.37430299361253
51.48319290830346,-0.2498623586484855,-162.31820183665332
51.48314509678168,-0.24988683395074987,-162.7969702869932
51.48309257787538,-0.24991294471078906,-163.55177359874946
51.48304083182702,-0.24993747641860353,-164.95006463840576
51.482990807131785,-0.2499590755864208,-164.50492598697704
51.482936461480996,-0.24998326893311992,-164.57245994713827
51.4828892471619,-0.25000419136426943,-165.2404381380161
51.48283472586485,-0.2500272568165224,-165.74062967268054
51.482784701169614,-0.2500476716987804,-164.86220418837613
51.48273355232393,-0.2500698912265894,-166.28349943264067
51.48268103341763,-0.25009047529662354,-166.9851493321277
51.482631500542716,-0.2501088599688784,-167.55824035938542
51.48257546866624,-0.25012871091113176,-168.869403325195
51.48252495215968,-0.25014467062115503,-168.93202345476186
51.482468217689174,-0.25016249135340524,-168.83298540504776
51.48241840376766,-0.2501782818756523,-169.70121295622107
51.48236486610225,-0.25019390321012314,-169.9061608622899
51.4823104150691,-0.2502094681534809,-169.87393021429529
51.48225909057716,-0.2502241871868318,-170.0264863203907
51.482201372475004,-0.2502404852579704,-169.91058555099966
51.48215222602006,-0.25025452754021654,-170.05876475180224
51.48209672109137,-0.25027014887468735,-170.10380932338387
51.48204518581671,-0.2502845859235989,-170.76889594258026
51.48199094555727,-0.2502987410025082,-170.61749406277286
51.481936108095155,-0.25031329084808296,-171.21697025313048
51.48188587262621,-0.25032575407810437,-172.23683332746944
51.48182636290702,-0.2503387812625674,-172.45490685713136
51.48177651385805,-0.2503493834703619,-173.54814928518618
51.48171999017025,-0.2503596473026039,-173.76679066245077
51.4816675766553,-0.25036883964594986,-174.46101689739976
51.48161252841047,-0.2503774116437411,-174.8871453847709
51.48155600472268,-0.25038553248375384,-175.15186528797398
51.481505488216115,-0.25039241263265727,-175.67399309229216
51.481447453948896,-0.2503994619837739,-175.70392881563737
51.48139742925366,-0.2504054962082334,-176.11070757083084
51.4813395706327,-0.2504118124171322,-176.43180747424992
51.481287754320434,-0.2504170007315848,-177.1239466929183
51.481231827835316,-0.25042151230936965,-177.12934373480928
51.48117579595884,-0.2504260238871545,-177.36108308283391
51.481123979655564,-0.25042985872827167,-177.43225999827052
51.48106524279431,-0.25043408833605424,-177.83275810648348
51.481014199330986,-0.2504371900493906,-177.27919808907345
51.48095507604975,-0.25044170162717544,-178.09659002084203
51.48090434876049,-0.25044440857384637,-178.1890312947745
51.48084880869534,-0.2504472283027434,-178.03447357657308
51.480794568435904,-0.25045021723385363,-178.0462469809529
51.4807410307705,-0.2504531497594138,-177.6808916547443
51.48068292624838,-0.25045692819498083,-177.65269622908005
51.48063237460537,-0.25046025548720646,-178.21265362436205
51.480573848526824,-0.2504631880127666,-177.86448923070492
51.48052392921395,-0.25046617692943984,-178.03658976207245
51.480467581172405,-0.2504692786427762,-177.67334139819488
51.48041485149239,-0.25047271871722787,-178.1684687525285
51.480361032789375,-0.2504754820694489,-177.78982120735535
51.48030370111619,-0.2504790349261267,-177.8852815396033
51.48025328999199,-0.25048202385723695,-178.26678991639156
51.480195255724766,-0.250484843586134,-178.5813891809489
51.480145617458504,-0.2504868174050241,-178.2733967855463
51.48008969097339,-0.250489524351695,-177.89667377196503
51.48003805031637,-0.2504925696594813,-177.666273716762
51.47998461803333,-0.2504960661394831,-177.7172520613901
51.47992999135391,-0.25049956260504785,-176.70337172582722
51.47987877224433,-0.25050429976172195,-177.69060218450278
51.47982042181204,-0.25050807821172605,-177.32059863259067
51.47977088892814,-0.2505118002706171,-177.90043388460776
51.47971436524033,-0.25051512754840566,-177.71451913692002
51.479662443545706,-0.25051845484063123,-177.58518743730312
51.47960830866863,-0.25052212049397216,-177.90821049482312
51.479551574207115,-0.2505254477861978,-178.1147958563675
51.47950035509753,-0.2505281547328687,-178.0606492069441
51.47944123180731,-0.25053136922843117,-177.14621061691477
51.47939120711207,-0.2505353732573245,-176.7875502803475
51.479334261867855,-0.25054050518066406,-177.19149175912315
51.479283429187234,-0.2505445092095574,-177.33318752087118
51.47922989152183,-0.25054851322401367,-177.269044611097
51.47917466763075,-0.25055274283179624,-177.3357155095667
51.4791233431388,-0.25055657767291334,-176.8131236634687
51.47906530887158,-0.25056176598736596,-176.90547571472365
51.47901528417635,-0.25056610837737464,-176.0735017501264
51.47895746069183,-0.25057248099182355,-175.52632624584962
51.47890673340257,-0.2505788535918354,-174.97690298311332
51.47885238775178,-0.25058652327406966,-174.73669361755395
51.47879786645473,-0.2505945877229694,-175.12531027604535
51.47874432878932,-0.2506019190296513,-174.4690819280212
51.4786862945221,-0.250610942185221,-174.41424731580656
51.47863637521822,-0.2506187810552315,-174.22868805836626
51.478578340951,-0.25062819897746663,-174.22413272462106
51.47852729748767,-0.25063648899081853,-174.70958723661562
51.47847116022884,-0.25064483540972055,-173.80409800404965
51.47841713074312,-0.25065425333195573,-173.82267365980474
51.47836520904849,-0.25066327648752545,-173.59188073717473
51.47830766659259,-0.25067365311643064,-173.12361662804162
51.47825757164246,-0.2506833530086681,-173.0889849828279
51.47819932659253,-0.25069468834424335,-172.9205348727266
51.478148985732226,-0.2507047266120332,-172.04193721227227
51.47809446443518,-0.25071696426316536,-171.89739601821844
51.478040434958444,-0.2507293147109607,-171.80532327331338
51.47798921584886,-0.2507411575954275,-171.2311489537773
51.477932973198676,-0.2507550870954475,-171.0479594815438
51.477884142908806,-0.2507674375432428,-171.66126173892735
51.47782783000371,-0.25078069030659517,-171.5865059306881
51.47777938614281,-0.2507921948299466,-171.58376767299515
51.47772454868069,-0.25080522199997257,-171.1968204577823
51.477672837759776,-0.25081807999665945,-170.87943793267084
51.477620986320055,-0.2508314455566749,-171.0233186851897
51.47756495444358,-0.25084565702669726,-171.06976638226868
51.47751443792803,-0.25085840222672096,-170.482781594912
51.47745661444351,-0.25087396717007876,-170.3214571893168
51.47740718695096,-0.25088750190343334,-169.70959447139035
51.47735185766852,-0.2509036308012328,-169.42211297462597
51.47730032240286,-0.2509190829479274,-169.3683425153898
51.47724699551117,-0.25093515544017675,-168.87877935794629
51.477191069026055,-0.25095280699908784,-168.68407614577364
51.47714104433082,-0.25096887949133717,-168.4061084234813
51.477084204477954,-0.2509876025391443,-168.18030200938435
51.47703586600841,-0.2510038442191699,-168.08067679818026
51.47697962334922,-0.2510229056280924,-167.2602431417589
51.476929598653996,-0.25104106473589505,-167.2986929093953
51.47687707975668,-0.2510600697537045,-166.8516226890548
51.47682234767693,-0.2510805974326257,-166.93942289914605
51.476772533764404,-0.25109915129265664,-165.84713082523314
51.47671667753419,-0.25112176558713106,-165.62373959738719
51.476669673997804,-0.2511411089660559,-165.39321597456643
51.47661522295566,-0.2511638924338695,-165.1158011909642
51.476559718026955,-0.25118757821724,-163.790301800941
51.47651489252758,-0.25120850066282663,-163.80504234672276
51.47646216284756,-0.25123308876175415,-164.21474482082044
51.47641333255769,-0.25125525188401304,-163.23688606323896
51.476357476336474,-0.2512822649596092,-163.4198270585993
51.47631005123467,-0.2513049356451967,-162.35687287399568
51.47625704051704,-0.2513320051119059,-162.49662967728068
51.476208702047494,-0.25135648041417025,-163.2071341940085
51.47615667496151,-0.2513816888586525,-162.0608348834556
51.47610513968686,-0.2514084763553594,-161.024890378886
51.476057433556434,-0.25143481267985074,-160.92166253661767
51.47600340407071,-0.2514648146721201,-162.34010411364636
51.47595474943609,-0.251489684755487,-159.82774823204778
51.475900825341725,-0.2515214913788703,-160.31933737387322
51.47585280303724,-0.25154906839447105,-160.6515138429445
51.475799686928255,-0.2515790139956273,-160.23296849172388
51.47574895963899,-0.2516082828456789,-160.38094305507758
51.47569791618466,-0.25163749531905444,-158.80969372705857
51.47564409748164,-0.2516709937768885,-159.81596232203617
51.475595653620736,-0.25169958590470937,-158.94517915161728
51.47554081615862,-0.25173347912920896,-159.26468483064838
51.47549349644817,-0.251762240444806,-158.68116628251866
51.47544129371593,-0.25179494938374625,-158.088319528071
51.47539204186964,-0.25182675600712956,-157.83077052333962
51.47534342236248,-0.25185856263051287,-157.67196231315202
51.47529048190874,-0.2518934709672326,-157.49989842271253
51.4752441809574,-0.2519242624783958,-157.45629406908253
51.47518994069796,-0.2519604114917877,-157.0046512478564
51.47514392079322,-0.25199176695739256,-156.32957664779588
51.47509287732989,-0.2520276904063323,-157.05400594526438
51.47504425782273,-0.252060737706388,-157.69514057099244
51.47499433851885,-0.25209361583310447,-156.92518439259732
51.47494231143287,-0.2521292009064919,-156.36822916115204
51.47489727515078,-0.25216083834209896,-156.71379082677308
51.47484324567405,-0.25219817164105024,-156.53615946694063
51.474797928354356,-0.2522297526855443,-155.63858005727678
51.47474688490002,-0.25226686042004337,-154.93251486520577
51.47470107576899,-0.25230126119343443,-155.42323774610526
51.474652842690794,-0.2523366770790456,-155.43928395059186
51.474596810814326,-0.252377788842438,-154.9713414845894
51.47455746554841,-0.2524072832713788,-154.98317545669804
51.474505754627494,-0.2524460264492156,-155.0879958388313
51.4744617371135,-0.252478848184819,-154.7471555763146
51.4744113962532,-0.2525169710171012,-154.96625481972467
51.474364989910505,-0.2525517665571577,-154.89371331206476
51.47431686222366,-0.2525879719616627,-155.0843133731861
51.474266802400976,-0.252625305275051,-155.35740120072222
51.474220782487244,-0.2526591984995506,-155.31740891462442
51.474168579755,-0.2526977160984981,-155.0050567332562
51.4741243514583,-0.25273081980410383,-154.3016432978783
51.47407369442394,-0.25276995773416905,-154.8244451212595
51.474028482504586,-0.2528040765375579,-154.99602183622596
51.47397824702665,-0.25284169182094846,-154.8786131384177
51.47392962751948,-0.2528782919921189,-154.87501611986377
51.47388258884665,-0.2529137078777301,-155.0209913171147
51.47383056176067,-0.25295262024334314,-154.41337060917738
51.473785666006385,-0.2529871338133973,-153.74696601812462
51.473733603783955,-0.2530283583590158,-153.31174166818545
51.47368860263831,-0.253064676560184,-153.42097600006358
51.4736377699577,-0.2531055063391371,-152.73625603485607
51.47359094206757,-0.25314424950253683,-152.5954892719683
51.47354249820666,-0.25318457173259834,-151.6627358016512
51.47349247351143,-0.25322788287933307,-151.0092764232961
51.473448350606084,-0.2532671336060614,-150.73875617393364
51.473396815331434,-0.2533134900750194,-150.88078800779562
51.473353113982505,-0.25335257161397157,-149.78625267006953
51.47330407291892,-0.25339842051960104,-149.85395358274008
51.473259071773285,-0.25344037819300025,-149.14515217262874
51.473212033100445,-0.25348549397084896,-148.7263265415516
51.473162816390605,-0.2535334858831447,-147.545719143913
51.473119677116905,-0.2535775301576602,-146.91136743847713
51.47306975781303,-0.2536297516777386,-147.0531786370338
51.473027426524716,-0.2536737959522541,-145.52396410917945
51.47298010681427,-0.25372596106678236,-145.14844055245678
51.47293717831428,-0.2537739529790781,-144.37881923039922
51.47289256359761,-0.25382527216916245,-143.55869168994028
51.47284931893256,-0.2538765349825708,-142.3815058152741
51.472809798020386,-0.2539254291959865,-137.15247395846842
51.47276806393476,-0.2539875761871916,-130.22341676261397
51.47274726715135,-0.25402705249280916,-139.69934487366166
51.472704935863035,-0.2540846878917923,-138.047389788393
51.47266773350668,-0.25413837566743225,-137.72080551945896
51.4726258940297,-0.2541994511553041,-137.19055717593898
51.472584862538106,-0.254260470252063,-137.31133582190088
51.47254544701728,-0.2543188387788269,-135.26564123191207
51.47250332650269,-0.2543858357089322,-135.4993115521876
51.47246661596665,-0.2544437530923547,-133.0498655041599
51.47242628706909,-0.25451306220246545,-131.7406552100755
51.47239256255545,-0.25457374292367185,-130.35372470696757
51.47235623843939,-0.254642375311552,-129.8689153039555
51.4723215302941,-0.2547090902572179,-129.18602874530356
51.472284819758066,-0.2547813882984389,-127.46746785406549
51.472252781470104,-0.25484849801077025,-127.48180685939603
51.47222228888902,-0.2549123368364261,-126.489633601308
51.472187159187314,-0.2549885825009904,-127.36742180551114
51.47215663147878,-0.25505275970219865,-127.27267505441081
51.472122625927526,-0.25512449378897806,-127.07763708793557
51.47208970939028,-0.2551944232446435,-126.32808671933189
51.47205809265874,-0.25526345038475196,-125.16182054157846
51.47202485996542,-0.25533918850042464,-124.6761650201863
51.47199615900138,-0.2554057906638645,-123.61473024955123
51.47196383967581,-0.2554838409595427,-123.42121761381661
51.47193650876338,-0.2555503303407564,-122.63488073800514
51.47190629721991,-0.2556260684419921,-122.67146324442416
51.47187408328569,-0.2557067129021151,-122.11935623584206
51.47184896554673,-0.25577094649443644,-122.4455507568993
51.471817946017865,-0.25584927876011687,-122.36490199970707
51.47179022868547,-0.25591949018578464,-121.67221942716692
51.47175871734528,-0.2560014881192431,-120.93089182073506
51.471732510583315,-0.2560716995449108,-120.87154831505265
51.471700191257746,-0.25615849102615645,-120.73829525504529
51.47167447631609,-0.25622791291849334,-120.66437669554897
51.47164633742727,-0.25630410219194455,-120.15936548049605
51.47161661770412,-0.2563862129076291,-118.97276379233371
51.471591429701256,-0.2564592440766309,-117.64679483725759
51.471563606977504,-0.2565445128967649,-117.29130221632315
51.47154028085557,-0.2566170929079882,-117.48447412565227
51.47151179067423,-0.256705012269243,-116.51108879235164
51.47148976434901,-0.2567759004460155,-116.68355837959574
51.47146573563304,-0.2568526536594713,-115.19996518969889
51.471441320488104,-0.2569359486607151,-114.29812632107327
51.4714207344874,-0.2570091490174931,-113.61412938281994
51.471397513747824,-0.2570944178376271,-112.30972613839721
51.47137878961907,-0.2571676745710811,-111.89582998965857
51.47135799283566,-0.25725074400787273,-110.96462212505926
51.47133898766928,-0.25733037335577563,-113.01286192991007
51.47131847192348,-0.25740791608812524,-110.48719198464896
51.47129827234275,-0.2574947075693709,-110.10505476082893
51.47128123443967,-0.2575694305728235,-109.56132230216765
51.47126173745297,-0.25765751913629154,-108.90874661851635
51.471243434880634,-0.25774329550531705,-108.83303657610979
51.47122741573665,-0.2578186952454374,-108.08245344257041
51.47121062373474,-0.25790125711890044,-107.7524489013166
51.471194709982115,-0.2579810556545795,-106.81713167164833
51.47117809363545,-0.2580693133913867,-106.89413877845068
51.47116369045326,-0.2581454462737249,-106.24512019035546
51.47114767130928,-0.2582337040105321,-106.78920909914704
51.47113337352743,-0.2583097804873201,-105.18770640848528
51.47111904060913,-0.2583945417585626,-105.2087438878032
51.47110516437471,-0.258476483286471,-105.14044631247441
51.471091534050444,-0.25855735332548324,-103.71061452177042
51.47107804424499,-0.258646118611182,-103.74437271723288
51.471066135273865,-0.2587242817035233,-102.62365648550929
51.471053523708704,-0.25881468244699685,-103.27092708215552
51.471042106557896,-0.25889239436712264,-102.11791560901676
51.47103051376083,-0.25897907305170514,-101.98301404063923
51.471019307383735,-0.2590638343229476,-101.51618920353759
51.47100897924694,-0.2591452119108514,-100.43042561919223
51.47099858085523,-0.2592358946243272,-99.76720584651014
51.47099029024563,-0.25931321179222466,-98.41399690734542
51.470982069899925,-0.25940242823570187,-98.9665303253147
51.470974271101646,-0.25948177561360247,-98.17872797454343
51.47096675334998,-0.25956574735151405,-98.22952053794387
51.470958954551705,-0.25965231325387045,-99.37034914551502
51.470950769333456,-0.25973194260177335,-98.06048206741974
51.47094275976146,-0.25982273809747525,-98.11979685870256
51.47093506635454,-0.25990930399983164,-97.63760418266271
51.47092846197062,-0.25998836940772996,-97.74270506199503
51.47092143603028,-0.2600713260334214,-96.46756526863919
51.47091553424039,-0.2601549030191046,-96.2746086834671
51.47090924603053,-0.26024671362702667,-96.06577097680298
51.470903941443325,-0.2603268505238211,-94.2626661647498
51.47089972587912,-0.26041764603396006,-95.75091952805036
51.47089473745698,-0.2604971625851998,-94.25020344378532
51.470890732675485,-0.2605836720964432,-94.05301129962524
51.4708870089226,-0.26066803860102017,-92.3842734043857
51.47088493627695,-0.26074794991892536,-92.75354474395213
51.47088223128318,-0.26083823786573573,-92.66007683782256
51.47088001811871,-0.26091470910918924,-92.67646468300804
51.47087741851629,-0.26100398195821656,-92.33481616665168
51.47087541612554,-0.2610828217727886,-91.62150404033645
51.470873905546114,-0.261168485359588,-90.76849200541874
51.470873202952085,-0.26125256989416273,-89.75752363212082
51.47087341373479,-0.261332537603181,-89.50174712068672
51.470873905546114,-0.26142333311331994,-89.87413215521401
51.47087401093747,-0.26150036829677803,-89.27196167955054
51.47087471353151,-0.26158913359691377,-89.43628318916892
51.47087520534283,-0.26166938329037137,-88.58503490987734
51.47087650514854,-0.2617538625771745,-87.6843477896245
51.470878718313,-0.2618417255617533,-86.17227598484615
51.47088202050946,-0.26192096014299077,-87.09734669622871
51.47088493627695,-0.2620132782998043,-87.08838419669885
51.470887430479024,-0.26209200533215027,-86.28219145601042
51.4708909434492,-0.2621787968133959,-86.41642243219452
51.47089424564565,-0.2622634452879752,-85.16723000624329
51.47089853146477,-0.262344822875879,-85.59305425720316
51.470902922684225,-0.2624362951082486,-85.29105432124288
51.47090692746572,-0.2625143454039268,-85.5428585984909
51.47091124842128,-0.26260333628295185,-84.90970159717236
51.4709157450231,-0.26268437549530327,-84.76396387528588
51.47092055778999,-0.2627686856087672,-83.58329884637531
51.470926740617486,-0.2628569433455744,-82.99142783388584
51.47093274779873,-0.2629353884079181,-82.68499655151567
51.470939949385325,-0.2630254507758392,-83.4241466960575
51.4709455701376,-0.26310372665040666,-83.12711379090098
51.47095196374781,-0.26318888268831453,-82.33011041815733
51.470959059943056,-0.2632734747717808,-81.80205163335329
51.47096626152966,-0.2633537244508013,-80.51986029510441
51.470975570907356,-0.2634432228787179,-80.55803849774107
51.47098347508799,-0.2635195249343952,-79.87248348329247
51.47099310062176,-0.2636060344456385,-79.76327259195703
51.47100198844304,-0.26368504344798677,-79.20623057089406
51.47101157884936,-0.26376580069033584,-78.76276137628886
51.47102211775987,-0.26385095672824377,-78.72233095164034
51.471031602774836,-0.2639273151750341,-78.44276335218625
51.47104280915193,-0.264015290941839,-78.57215237469661
51.47105211852063,-0.26408922442639776,-78.08619418438319
51.47106332489773,-0.26417449324653175,-77.78313326800237
51.47107382868079,-0.26425237435443377,-77.61984661456769
51.471084824275174,-0.26433279323566755,-76.93032400904056
51.47109715480272,-0.26441806205580154,-76.4029616417947
51.47110864221742,-0.26449430772036575,-75.4460314035438
51.47112286974437,-0.26458228348717067,-75.29230548834306
51.47113505975311,-0.26465683730284706,-74.85225791093579
51.4711491818887,-0.2647405834618694,-74.12986400073292
51.471163163514476,-0.2648195360731046,-72.70958590042972
51.47117819902681,-0.2648970788198912,-72.38637883478893
51.471194604590764,-0.26498003546001975,-71.27635367472162
51.47121020217832,-0.2650539125390284,-70.08452158234878
51.47122910196234,-0.2651376587124878,-70.61568101135745
51.471244910323605,-0.26520978755149555,-69.12003553724222
51.471264126272686,-0.26529065759050785,-68.30989684992787
51.47128263962774,-0.2653653805939604,-67.4256448574847
51.47130196095918,-0.26543999081518693,-67.64189573238667
51.47132216053991,-0.26551883062975895,-66.6726054429975
51.47134176291796,-0.2655918054076477,-65.89359434150182
51.47136449182822,-0.26567335216889065,-66.51296908174191
51.47138279440956,-0.2657409694445506,-64.77670885331243
51.47140622591385,-0.26582082437134275,-64.50398142819753
51.471427233479965,-0.26589154336033904,-63.915774738037655
51.471450243436834,-0.26596699949157243,-63.95422910715176
51.471473042610995,-0.2660418916828012,-64.13614012455686
51.471494858153505,-0.2661141333184721,-63.67828176811049
51.4715193786898,-0.26619370627526195,-63.79364277300598
51.47154038624692,-0.2662622258664789,-62.8214874844131
51.47156589041486,-0.2663419679966079,-62.377624944243294
51.471588408551405,-0.26641105154226646,-61.765372383570565
51.47161342089902,-0.2664858309368321,-61.630033767363955
51.471637133449924,-0.26655632434693916,-60.94060556089107
51.47166186475992,-0.2666277764492792,-59.70509567703415
51.4716891605359,-0.26670278143717113,-59.87157546997086
51.471713400025585,-0.26676983475838945,-59.19035402380869
51.47174189021592,-0.26684653158073224,-59.47302261075182
51.47176591893189,-0.2669119494586128,-59.002662881857816
51.47179324984431,-0.26698498062761455,-59.25067752432737
51.47181945659729,-0.26705569960217385,-59.022010637745794
51.47184647133565,-0.2671279412522818,-58.48459949469336
51.471878263722445,-0.2672111798624126,-58.41219191784129
51.47190148445303,-0.26727180417806895,-57.89909358550416
51.47193152035023,-0.26734867018818786,-58.02874320474202
51.47195712990053,-0.26741453922384695,-57.23894554863835
51.471986357812355,-0.2674874575961856,-57.122132914481
51.472014672347434,-0.26755778181851647,-57.34213738956841
51.472042073514764,-0.2676264141919595,-56.61564481632809
51.47207309304362,-0.26770198311985605,-57.119941336423274
51.472099615970656,-0.2677678521555151,-56.87803348462511
51.47212961673142,-0.26784167285784777,-56.48410756640419
51.47215772049279,-0.26790979768239925,-56.52291054732676
51.47218645659328,-0.2679795579502885,-55.877413512768946
51.47221768689585,-0.2680535478259603,-55.462952519008894
51.47224800383067,-0.26812426680051954,-55.30601388968441
51.472276212983395,-0.26818968467840015,-56.022803867105274
51.472303508759374,-0.2682547078040523,-55.69717248287865
51.47233284206255,-0.2683237349441608,-54.6517860022228
51.47236403723766,-0.26839434113649396,-54.87162664873962
51.47239287872052,-0.2684601537666029,-54.29629354555605
51.47242607628638,-0.2685343128300509,-54.55052259127519
51.47245481238688,-0.2685991103623768,-54.42965546237409
